No,Item Name,Model/Year,Amount
1.0,jz MARK 2/CROWN,,10.0
2.0,3gr fe  CROWN, 2004/2011,10.0
3.0,1g fe MARK 2 / 2000CC,,10.0
4.0,1NZ/2NZ FELDER/ PROBOX/AXIO,,10.0
5.0,1AZ/2000CC WISH/ CALDINA,,10.0
6.0,2AZ 2400CC ALPHARD/KLUGER,,10.0
7.0,1KZ 3000CC PRADO/LAND CRUSER,,10.0
8.0,1MZ 2990CC ALPHARD/ KLUGER,,10.0
9.0,1ZZ 1800CC WISH/ CALDINA,,10.0
10.0,CR12 1290CC AD VAN / MARCH,,10.0
11.0,HR 15 1500CC  AD VAN / THIDA / WING ROAD,,10.0
12.0,QR 20 2000CC X TRAY / WING ROAD,,10.0
13.0,MR 20 2000CC X TRAY / BLUE BIRD,,20.0
14.0,2RZ 2400CC HIACE COMMUTER,,10.0
15.0,Kf/ef 660CC/ HIJET / MIRRA,,10.0
16.0,K6A 660CC/ SUZUKI PICK UP / ALTO,,10.0
17.0,K12A  1200CC / SUZUKI SWIFT,,10.0
18.0,M13A 1300CC/SUZUKI SOLIO,,10.0
19.0,4A90 1300/1500CC/ MITSUBISHI CILT ,,10.0
20.0,Y11 AD VAN 1500CC/ 1300CC ,2005,10.0
21.0,RD20 HONDA CRV 2000CC , 2001,10.0
22.0,K24A HONDA CRV 2400CC , 2007,10.0
23.0,GE6 /HONDA FIT / ,,10.0
24.0,Gd1,,10.0
25.0,Eo7z,,10.0
26.0,B3e,,10.0


